archived_url,article_url,id,language,media_name,media_url,publish_date,title,url
https://web.archive.org/web/20230304075624/https://www.elpuntocritico.com/nacionales/2-noticias-politica-nacional/199046-achaca-morena-a-lia-limon-irregularidades-cometidas-por-layda-sansores-en-ao,https://wayback-api.archive.org/colsearch/v1/mediacloud/article/Y29tLGVscHVudG9jcml0aWNvKS9uYWNpb25hbGVzLzItbm90aWNpYXMtcG9saXRpY2EtbmFjaW9uYWwvMTk5MDQ2LWFjaGFjYS1tb3JlbmEtYS1saWEtbGltb24taXJyZWd1bGFyaWRhZGVzLWNvbWV0aWRhcy1wb3ItbGF5ZGEtc2Fuc29yZXMtZW4tYW8~,20230304075624,es,elpuntocritico.com,http://elpuntocritico.com,2023-03-03 00:00:00,Achaca Morena a Lía Limón irregularidades cometidas por Layda Sansores en AO,https://www.elpuntocritico.com/nacionales/2-noticias-politica-nacional/199046-achaca-morena-a-lia-limon-irregularidades-cometidas-por-layda-sansores-en-ao
https://web.archive.org/web/20230309141853/https://www.milenio.com/content/oppo-presenta-avanzada-tecnologia-nivel-mundial,https://wayback-api.archive.org/colsearch/v1/mediacloud/article/Y29tLG1pbGVuaW8pL2NvbnRlbnQvb3Bwby1wcmVzZW50YS1hdmFuemFkYS10ZWNub2xvZ2lhLW5pdmVsLW11bmRpYWw~,20230309141853,es,milenio.com,http://milenio.com,2023-03-08 00:00:00,OPPO presenta la más avanzada tecnología a nivel mundial,https://www.milenio.com/content/oppo-presenta-avanzada-tecnologia-nivel-mundial
https://web.archive.org/web/20230304070834/https://www.milenio.com/deportes/motor/astros-carreras-y-sustentabilidad-en-la-indycar-2023,https://wayback-api.archive.org/colsearch/v1/mediacloud/article/Y29tLG1pbGVuaW8pL2RlcG9ydGVzL21vdG9yL2FzdHJvcy1jYXJyZXJhcy15LXN1c3RlbnRhYmlsaWRhZC1lbi1sYS1pbmR5Y2FyLTIwMjM~,20230304070834,es,milenio.com,http://milenio.com,2023-03-03 00:00:00,"Astros, carreras y sustentabilidad, en la IndyCar 2023",https://www.milenio.com/deportes/motor/astros-carreras-y-sustentabilidad-en-la-indycar-2023
https://web.archive.org/web/20230309102829/https://www.milenio.com/especiales/el-largo-camino-hacia-la-igualdad,https://wayback-api.archive.org/colsearch/v1/mediacloud/article/Y29tLG1pbGVuaW8pL2VzcGVjaWFsZXMvZWwtbGFyZ28tY2FtaW5vLWhhY2lhLWxhLWlndWFsZGFk,20230309102829,es,milenio.com,http://milenio.com,2023-03-08 00:00:00,El largo camino hacia la igualdad,https://www.milenio.com/especiales/el-largo-camino-hacia-la-igualdad
https://web.archive.org/web/20230307111131/https://www.milenio.com/espectaculos/premios-oscar/oscar-2023-documentales-nominados-premios-tratan,https://wayback-api.archive.org/colsearch/v1/mediacloud/article/Y29tLG1pbGVuaW8pL2VzcGVjdGFjdWxvcy9wcmVtaW9zLW9zY2FyL29zY2FyLTIwMjMtZG9jdW1lbnRhbGVzLW5vbWluYWRvcy1wcmVtaW9zLXRyYXRhbg~~,20230307111131,es,milenio.com,http://milenio.com,2023-03-06 00:00:00,Oscar 2023: Documentales nominados a los premios; de esto tratan,https://www.milenio.com/espectaculos/premios-oscar/oscar-2023-documentales-nominados-premios-tratan
https://web.archive.org/web/20230306081203/https://www.milenio.com/estados/critrofrut-investiga-ecocidio-rios-san-rafael-veracruz,https://wayback-api.archive.org/colsearch/v1/mediacloud/article/Y29tLG1pbGVuaW8pL2VzdGFkb3MvY3JpdHJvZnJ1dC1pbnZlc3RpZ2EtZWNvY2lkaW8tcmlvcy1zYW4tcmFmYWVsLXZlcmFjcnV6,20230306081203,es,milenio.com,http://milenio.com,2023-03-05 00:00:00,"Critrofrut investiga ecocidio en ríos de San Rafael, Veracruz",https://www.milenio.com/estados/critrofrut-investiga-ecocidio-rios-san-rafael-veracruz
https://web.archive.org/web/20230303103814/https://www.milenio.com/estados/en-veracruz-continuaran-revisiones-a-transporte-publico,https://wayback-api.archive.org/colsearch/v1/mediacloud/article/Y29tLG1pbGVuaW8pL2VzdGFkb3MvZW4tdmVyYWNydXotY29udGludWFyYW4tcmV2aXNpb25lcy1hLXRyYW5zcG9ydGUtcHVibGljbw~~,20230303103814,es,milenio.com,http://milenio.com,2023-03-02 00:00:00,"En Veracruz, continuarán revisiones a transporte público",https://www.milenio.com/estados/en-veracruz-continuaran-revisiones-a-transporte-publico
https://web.archive.org/web/20230302100001/https://www.milenio.com/estados/mexico-presenta-plan-accion-contra-trafico-totoaba-onu,https://wayback-api.archive.org/colsearch/v1/mediacloud/article/Y29tLG1pbGVuaW8pL2VzdGFkb3MvbWV4aWNvLXByZXNlbnRhLXBsYW4tYWNjaW9uLWNvbnRyYS10cmFmaWNvLXRvdG9hYmEtb251,20230302100001,es,milenio.com,http://milenio.com,2023-03-01 00:00:00,México presenta plan de acción contra tráfico de totoaba ante ONU,https://www.milenio.com/estados/mexico-presenta-plan-accion-contra-trafico-totoaba-onu
https://web.archive.org/web/20230308115950/https://www.milenio.com/estados/oaxaca-cementera-cruz-azul-convertira-basura-combustible,https://wayback-api.archive.org/colsearch/v1/mediacloud/article/Y29tLG1pbGVuaW8pL2VzdGFkb3Mvb2F4YWNhLWNlbWVudGVyYS1jcnV6LWF6dWwtY29udmVydGlyYS1iYXN1cmEtY29tYnVzdGlibGU~,20230308115950,es,milenio.com,http://milenio.com,2023-03-07 00:00:00,Oaxaca. Cementera Cruz Azul convertirá basura en combustible,https://www.milenio.com/estados/oaxaca-cementera-cruz-azul-convertira-basura-combustible
https://web.archive.org/web/20230309130946/https://www.milenio.com/estados/tulum-clausuran-desarrollo-inmobiliario-extraccion-agua,https://wayback-api.archive.org/colsearch/v1/mediacloud/article/Y29tLG1pbGVuaW8pL2VzdGFkb3MvdHVsdW0tY2xhdXN1cmFuLWRlc2Fycm9sbG8taW5tb2JpbGlhcmlvLWV4dHJhY2Npb24tYWd1YQ~~,20230309130946,es,milenio.com,http://milenio.com,2023-03-08 00:00:00,"En Tulum, clausuran desarrollo inmobiliario por extracción de agua",https://www.milenio.com/estados/tulum-clausuran-desarrollo-inmobiliario-extraccion-agua
https://web.archive.org/web/20230302091115/https://www.milenio.com/estados/veracruz-hacen-operativos-contra-autobuses-usuarios-son-afectados,https://wayback-api.archive.org/colsearch/v1/mediacloud/article/Y29tLG1pbGVuaW8pL2VzdGFkb3MvdmVyYWNydXotaGFjZW4tb3BlcmF0aXZvcy1jb250cmEtYXV0b2J1c2VzLXVzdWFyaW9zLXNvbi1hZmVjdGFkb3M~,20230302091115,es,milenio.com,http://milenio.com,2023-03-01 00:00:00,"Veracruz. Hacen operativos contra autobuses, usuarios son afectados",https://www.milenio.com/estados/veracruz-hacen-operativos-contra-autobuses-usuarios-son-afectados
https://web.archive.org/web/20230309122851/https://www.milenio.com/internacional/colombia-imputan-guerrilleros-farc-reclutar-menores,https://wayback-api.archive.org/colsearch/v1/mediacloud/article/Y29tLG1pbGVuaW8pL2ludGVybmFjaW9uYWwvY29sb21iaWEtaW1wdXRhbi1ndWVycmlsbGVyb3MtZmFyYy1yZWNsdXRhci1tZW5vcmVz,20230309122851,es,milenio.com,http://milenio.com,2023-03-08 00:00:00,"En Colombia, imputan ex guerrilleros de FARC por reclutar menores",https://www.milenio.com/internacional/colombia-imputan-guerrilleros-farc-reclutar-menores
https://web.archive.org/web/20230308121547/https://www.milenio.com/internacional/estados-unidos-no-planea-aliviar-sanciones-a-venezuela,https://wayback-api.archive.org/colsearch/v1/mediacloud/article/Y29tLG1pbGVuaW8pL2ludGVybmFjaW9uYWwvZXN0YWRvcy11bmlkb3Mtbm8tcGxhbmVhLWFsaXZpYXItc2FuY2lvbmVzLWEtdmVuZXp1ZWxh,20230308121547,es,milenio.com,http://milenio.com,2023-03-07 00:00:00,Estados Unidos no planea aliviar sanciones a Venezuela,https://www.milenio.com/internacional/estados-unidos-no-planea-aliviar-sanciones-a-venezuela
https://web.archive.org/web/20230305090017/https://www.milenio.com/internacional/estudio-buscan-respuestas-sobreviven-perros-chernobil,https://wayback-api.archive.org/colsearch/v1/mediacloud/article/Y29tLG1pbGVuaW8pL2ludGVybmFjaW9uYWwvZXN0dWRpby1idXNjYW4tcmVzcHVlc3Rhcy1zb2JyZXZpdmVuLXBlcnJvcy1jaGVybm9iaWw~,20230305090017,es,milenio.com,http://milenio.com,2023-03-04 00:00:00,Perros de Chernóbil enseñan sus recursos para sobrevivir,https://www.milenio.com/internacional/estudio-buscan-respuestas-sobreviven-perros-chernobil
https://web.archive.org/web/20230308100033/https://www.milenio.com/internacional/mujeres-emiten-gases-efecto-invernadero-hombres,https://wayback-api.archive.org/colsearch/v1/mediacloud/article/Y29tLG1pbGVuaW8pL2ludGVybmFjaW9uYWwvbXVqZXJlcy1lbWl0ZW4tZ2FzZXMtZWZlY3RvLWludmVybmFkZXJvLWhvbWJyZXM~,20230308100033,es,milenio.com,http://milenio.com,2023-03-07 00:00:00,Mujeres emiten menos gases de efecto invernadero que los hombres,https://www.milenio.com/internacional/mujeres-emiten-gases-efecto-invernadero-hombres
https://web.archive.org/web/20230309130547/https://www.milenio.com/internacional/papa-afirma-igualdad-mujeres-hara-mundo,https://wayback-api.archive.org/colsearch/v1/mediacloud/article/Y29tLG1pbGVuaW8pL2ludGVybmFjaW9uYWwvcGFwYS1hZmlybWEtaWd1YWxkYWQtbXVqZXJlcy1oYXJhLW11bmRv,20230309130547,es,milenio.com,http://milenio.com,2023-03-08 00:00:00,Papa afirma que igualdad para las mujeres hará un mundo mejor,https://www.milenio.com/internacional/papa-afirma-igualdad-mujeres-hara-mundo
https://web.archive.org/web/20230309074901/https://www.milenio.com/negocios/buscan-lanzar-bloques-construccion-base-plastico-reciclado,https://wayback-api.archive.org/colsearch/v1/mediacloud/article/Y29tLG1pbGVuaW8pL25lZ29jaW9zL2J1c2Nhbi1sYW56YXItYmxvcXVlcy1jb25zdHJ1Y2Npb24tYmFzZS1wbGFzdGljby1yZWNpY2xhZG8~,20230309074901,es,milenio.com,http://milenio.com,2023-03-08 00:00:00,Buscan lanzar bloques de construcción a base de plástico reciclado,https://www.milenio.com/negocios/buscan-lanzar-bloques-construccion-base-plastico-reciclado
https://web.archive.org/web/20230304063918/https://www.milenio.com/negocios/enfrenta-tesla-multas-juicios-afectacion-medioambiental,https://wayback-api.archive.org/colsearch/v1/mediacloud/article/Y29tLG1pbGVuaW8pL25lZ29jaW9zL2VuZnJlbnRhLXRlc2xhLW11bHRhcy1qdWljaW9zLWFmZWN0YWNpb24tbWVkaW9hbWJpZW50YWw~,20230304063918,es,milenio.com,http://milenio.com,2023-03-03 00:00:00,Enfrenta Tesla multas y juicios por afectación medioambiental,https://www.milenio.com/negocios/enfrenta-tesla-multas-juicios-afectacion-medioambiental
https://web.archive.org/web/20230305070219/https://www.milenio.com/negocios/fcc-de-slim-analiza-venta-de-hasta-30-de-su-filial-medioambiental,https://wayback-api.archive.org/colsearch/v1/mediacloud/article/Y29tLG1pbGVuaW8pL25lZ29jaW9zL2ZjYy1kZS1zbGltLWFuYWxpemEtdmVudGEtZGUtaGFzdGEtMzAtZGUtc3UtZmlsaWFsLW1lZGlvYW1iaWVudGFs,20230305070219,es,milenio.com,http://milenio.com,2023-03-04 00:00:00,FCC de Slim busca vender hasta 30% de su filial medioambiental,https://www.milenio.com/negocios/fcc-de-slim-analiza-venta-de-hasta-30-de-su-filial-medioambiental
https://web.archive.org/web/20230305060612/https://www.milenio.com/negocios/financial-times/tomas-ehrenberg-mexico-el-hub-logistico,https://wayback-api.archive.org/colsearch/v1/mediacloud/article/Y29tLG1pbGVuaW8pL25lZ29jaW9zL2ZpbmFuY2lhbC10aW1lcy90b21hcy1laHJlbmJlcmctbWV4aWNvLWVsLWh1Yi1sb2dpc3RpY28~,20230305060612,es,milenio.com,http://milenio.com,2023-03-04 00:00:00,"Tomás Ehrenberg, México el hub logístico",https://www.milenio.com/negocios/financial-times/tomas-ehrenberg-mexico-el-hub-logistico
https://web.archive.org/web/20230308115419/https://www.milenio.com/negocios/sectur-participacion-mexico-itb-berlin-2023,https://wayback-api.archive.org/colsearch/v1/mediacloud/article/Y29tLG1pbGVuaW8pL25lZ29jaW9zL3NlY3R1ci1wYXJ0aWNpcGFjaW9uLW1leGljby1pdGItYmVybGluLTIwMjM~,20230308115419,es,milenio.com,http://milenio.com,2023-03-07 00:00:00,Sectur. participación de México en ITB Berlín 2023,https://www.milenio.com/negocios/sectur-participacion-mexico-itb-berlin-2023
https://web.archive.org/web/20230309115948/https://www.milenio.com/negocios/tesla-abre-primeras-vacantes-construccion-gigafabrica-mexico,https://wayback-api.archive.org/colsearch/v1/mediacloud/article/Y29tLG1pbGVuaW8pL25lZ29jaW9zL3Rlc2xhLWFicmUtcHJpbWVyYXMtdmFjYW50ZXMtY29uc3RydWNjaW9uLWdpZ2FmYWJyaWNhLW1leGljbw~~,20230309115948,es,milenio.com,http://milenio.com,2023-03-08 00:00:00,Tesla-abre-primeras-vacantes para construcción de gigafábrica México,https://www.milenio.com/negocios/tesla-abre-primeras-vacantes-construccion-gigafabrica-mexico
https://web.archive.org/web/20230307110922/https://www.milenio.com/negocios/tren-maya-reforestara-sureste-acciones-mitigacion-fonatur,https://wayback-api.archive.org/colsearch/v1/mediacloud/article/Y29tLG1pbGVuaW8pL25lZ29jaW9zL3RyZW4tbWF5YS1yZWZvcmVzdGFyYS1zdXJlc3RlLWFjY2lvbmVzLW1pdGlnYWNpb24tZm9uYXR1cg~~,20230307110922,es,milenio.com,http://milenio.com,2023-03-06 00:00:00,Tren Maya. Se reforestará sureste como acciones de mitigación: Fonatur,https://www.milenio.com/negocios/tren-maya-reforestara-sureste-acciones-mitigacion-fonatur
https://web.archive.org/web/20230302093154/https://www.milenio.com/policia/region-lagunercorte-ordena-semarnat-evitar-sobreexplotacion-acuifera,https://wayback-api.archive.org/colsearch/v1/mediacloud/article/Y29tLG1pbGVuaW8pL3BvbGljaWEvcmVnaW9uLWxhZ3VuZXJjb3J0ZS1vcmRlbmEtc2VtYXJuYXQtZXZpdGFyLXNvYnJlZXhwbG90YWNpb24tYWN1aWZlcmE~,20230302093154,es,milenio.com,http://milenio.com,2023-03-01 00:00:00,Corte ordena a Semarnat evitar sobreexplotación acuífera de Laguna,https://www.milenio.com/policia/region-lagunercorte-ordena-semarnat-evitar-sobreexplotacion-acuifera
https://web.archive.org/web/20230306070123/https://www.milenio.com/politica/ricardo-monreal-presentara-proyecto-reconciliacion-nacional,https://wayback-api.archive.org/colsearch/v1/mediacloud/article/Y29tLG1pbGVuaW8pL3BvbGl0aWNhL3JpY2FyZG8tbW9ucmVhbC1wcmVzZW50YXJhLXByb3llY3RvLXJlY29uY2lsaWFjaW9uLW5hY2lvbmFs,20230306070123,es,milenio.com,http://milenio.com,2023-03-05 00:00:00,Ricardo Monreal presentará Proyecto de Reconciliación Nacional,https://www.milenio.com/politica/ricardo-monreal-presentara-proyecto-reconciliacion-nacional
https://web.archive.org/web/20230304101201/https://ovaciones.com/alianza-entre-gobierno-y-la-uaem-eje-de-la-educacion-superior-y-del-desarrollo-cientifico/?utm_source=rss&utm_medium=rss&utm_campaign=alianza-entre-gobierno-y-la-uaem-eje-de-la-educacion-superior-y-del-desarrollo-cientifico,https://wayback-api.archive.org/colsearch/v1/mediacloud/article/Y29tLG92YWNpb25lcykvYWxpYW56YS1lbnRyZS1nb2JpZXJuby15LWxhLXVhZW0tZWplLWRlLWxhLWVkdWNhY2lvbi1zdXBlcmlvci15LWRlbC1kZXNhcnJvbGxvLWNpZW50aWZpY28_dXRtX2NhbXBhaWduPWFsaWFuemEtZW50cmUtZ29iaWVybm8teS1sYS11YWVtLWVqZS1kZS1sYS1lZHVjYWNpb24tc3VwZXJpb3IteS1kZWwtZGVzYXJyb2xsby1jaWVudGlmaWNvJnV0bV9tZWRpdW09cnNzJnV0bV9zb3VyY2U9cnNz,20230304101201,es,ovaciones.com,http://ovaciones.com,2023-03-03 00:00:00,"Alianza entre gobierno y la UAEM, eje de la educación superior y del desarrollo científico",https://ovaciones.com/alianza-entre-gobierno-y-la-uaem-eje-de-la-educacion-superior-y-del-desarrollo-cientifico/?utm_source=rss&utm_medium=rss&utm_campaign=alianza-entre-gobierno-y-la-uaem-eje-de-la-educacion-superior-y-del-desarrollo-cientifico
https://web.archive.org/web/20230308121025/https://ovaciones.com/anuncia-del-mazo-inicio-de-linea-2-del-mexicable-reducira-traslado-a-39-minutos/?utm_source=rss&utm_medium=rss&utm_campaign=anuncia-del-mazo-inicio-de-linea-2-del-mexicable-reducira-traslado-a-39-minutos,https://wayback-api.archive.org/colsearch/v1/mediacloud/article/Y29tLG92YWNpb25lcykvYW51bmNpYS1kZWwtbWF6by1pbmljaW8tZGUtbGluZWEtMi1kZWwtbWV4aWNhYmxlLXJlZHVjaXJhLXRyYXNsYWRvLWEtMzktbWludXRvcz91dG1fY2FtcGFpZ249YW51bmNpYS1kZWwtbWF6by1pbmljaW8tZGUtbGluZWEtMi1kZWwtbWV4aWNhYmxlLXJlZHVjaXJhLXRyYXNsYWRvLWEtMzktbWludXRvcyZ1dG1fbWVkaXVtPXJzcyZ1dG1fc291cmNlPXJzcw~~,20230308121025,es,ovaciones.com,http://ovaciones.com,2023-03-08 00:00:00,Anuncia Del Mazo inicio de línea 2 del Mexicable; reducirá traslado a 39 minutos,https://ovaciones.com/anuncia-del-mazo-inicio-de-linea-2-del-mexicable-reducira-traslado-a-39-minutos/?utm_source=rss&utm_medium=rss&utm_campaign=anuncia-del-mazo-inicio-de-linea-2-del-mexicable-reducira-traslado-a-39-minutos
https://web.archive.org/web/20230301095524/https://ovaciones.com/envia-amlo-tres-iniciativas-a-la-camara-de-diputados/?utm_source=rss&utm_medium=rss&utm_campaign=envia-amlo-tres-iniciativas-a-la-camara-de-diputados,https://wayback-api.archive.org/colsearch/v1/mediacloud/article/Y29tLG92YWNpb25lcykvZW52aWEtYW1sby10cmVzLWluaWNpYXRpdmFzLWEtbGEtY2FtYXJhLWRlLWRpcHV0YWRvcz91dG1fY2FtcGFpZ249ZW52aWEtYW1sby10cmVzLWluaWNpYXRpdmFzLWEtbGEtY2FtYXJhLWRlLWRpcHV0YWRvcyZ1dG1fbWVkaXVtPXJzcyZ1dG1fc291cmNlPXJzcw~~,20230301095524,es,ovaciones.com,http://ovaciones.com,2023-03-01 00:00:00,Envía AMLO tres iniciativas a la Cámara de Diputados,https://ovaciones.com/envia-amlo-tres-iniciativas-a-la-camara-de-diputados/?utm_source=rss&utm_medium=rss&utm_campaign=envia-amlo-tres-iniciativas-a-la-camara-de-diputados
https://web.archive.org/web/20230302095531/https://ovaciones.com/lanzan-en-cdmx-empleo-temporal-como-parte-de-la-ley-de-economia-circular/?utm_source=rss&utm_medium=rss&utm_campaign=lanzan-en-cdmx-empleo-temporal-como-parte-de-la-ley-de-economia-circular,https://wayback-api.archive.org/colsearch/v1/mediacloud/article/Y29tLG92YWNpb25lcykvbGFuemFuLWVuLWNkbXgtZW1wbGVvLXRlbXBvcmFsLWNvbW8tcGFydGUtZGUtbGEtbGV5LWRlLWVjb25vbWlhLWNpcmN1bGFyP3V0bV9jYW1wYWlnbj1sYW56YW4tZW4tY2RteC1lbXBsZW8tdGVtcG9yYWwtY29tby1wYXJ0ZS1kZS1sYS1sZXktZGUtZWNvbm9taWEtY2lyY3VsYXImdXRtX21lZGl1bT1yc3MmdXRtX3NvdXJjZT1yc3M~,20230302095531,es,ovaciones.com,http://ovaciones.com,2023-03-01 00:00:00,Lanzan en CDMX “empleo temporal” como parte de la Ley de economía circular,https://ovaciones.com/lanzan-en-cdmx-empleo-temporal-como-parte-de-la-ley-de-economia-circular/?utm_source=rss&utm_medium=rss&utm_campaign=lanzan-en-cdmx-empleo-temporal-como-parte-de-la-ley-de-economia-circular
https://web.archive.org/web/20230307111551/https://ovaciones.com/los-tramos-del-tren-maya-cuentan-con-autorizaciones-de-impacto-ambiental-semarnat/?utm_source=rss&utm_medium=rss&utm_campaign=los-tramos-del-tren-maya-cuentan-con-autorizaciones-de-impacto-ambiental-semarnat,https://wayback-api.archive.org/colsearch/v1/mediacloud/article/Y29tLG92YWNpb25lcykvbG9zLXRyYW1vcy1kZWwtdHJlbi1tYXlhLWN1ZW50YW4tY29uLWF1dG9yaXphY2lvbmVzLWRlLWltcGFjdG8tYW1iaWVudGFsLXNlbWFybmF0P3V0bV9jYW1wYWlnbj1sb3MtdHJhbW9zLWRlbC10cmVuLW1heWEtY3VlbnRhbi1jb24tYXV0b3JpemFjaW9uZXMtZGUtaW1wYWN0by1hbWJpZW50YWwtc2VtYXJuYXQmdXRtX21lZGl1bT1yc3MmdXRtX3NvdXJjZT1yc3M~,20230307111551,es,ovaciones.com,http://ovaciones.com,2023-03-06 00:00:00,Los tramos del Tren Maya cuentan con Autorizaciones de Impacto Ambiental: Semarnat,https://ovaciones.com/los-tramos-del-tren-maya-cuentan-con-autorizaciones-de-impacto-ambiental-semarnat/?utm_source=rss&utm_medium=rss&utm_campaign=los-tramos-del-tren-maya-cuentan-con-autorizaciones-de-impacto-ambiental-semarnat
https://web.archive.org/web/20230302092241/https://www.24-horas.mx/2023/03/01/sedema-beneficiara-a-920-personas-con-empleos-verdes/,https://wayback-api.archive.org/colsearch/v1/mediacloud/article/bXgsMjQtaG9yYXMpLzIwMjMvMDMvMDEvc2VkZW1hLWJlbmVmaWNpYXJhLWEtOTIwLXBlcnNvbmFzLWNvbi1lbXBsZW9zLXZlcmRlcw~~,20230302092241,es,24-horas.mx,http://24-horas.mx,2023-03-01 00:00:00,Sedema beneficiará a 920 personas con empleos Verdes,https://www.24-horas.mx/2023/03/01/sedema-beneficiara-a-920-personas-con-empleos-verdes/
https://web.archive.org/web/20230302061316/https://www.24-horas.mx/2023/03/01/tesla-viaja-a-monterrey/,https://wayback-api.archive.org/colsearch/v1/mediacloud/article/bXgsMjQtaG9yYXMpLzIwMjMvMDMvMDEvdGVzbGEtdmlhamEtYS1tb250ZXJyZXk~,20230302061316,es,24-horas.mx,http://24-horas.mx,2023-03-01 00:00:00,Tesla viaja a Monterrey,https://www.24-horas.mx/2023/03/01/tesla-viaja-a-monterrey/
https://web.archive.org/web/20230303072842/https://www.24-horas.mx/2023/03/02/alertan-por-aumento-del-nivel-del-mar-en-honduras/,https://wayback-api.archive.org/colsearch/v1/mediacloud/article/bXgsMjQtaG9yYXMpLzIwMjMvMDMvMDIvYWxlcnRhbi1wb3ItYXVtZW50by1kZWwtbml2ZWwtZGVsLW1hci1lbi1ob25kdXJhcw~~,20230303072842,es,24-horas.mx,http://24-horas.mx,2023-03-02 00:00:00,Alertan por aumento del nivel del mar en Honduras,https://www.24-horas.mx/2023/03/02/alertan-por-aumento-del-nivel-del-mar-en-honduras/
https://web.archive.org/web/20230303062951/https://www.24-horas.mx/2023/03/02/amlo-con-norma-pina-como-titular-de-la-scjn-se-desato-la-proteccion-a-presuntos-delincuentes/,https://wayback-api.archive.org/colsearch/v1/mediacloud/article/bXgsMjQtaG9yYXMpLzIwMjMvMDMvMDIvYW1sby1jb24tbm9ybWEtcGluYS1jb21vLXRpdHVsYXItZGUtbGEtc2Nqbi1zZS1kZXNhdG8tbGEtcHJvdGVjY2lvbi1hLXByZXN1bnRvcy1kZWxpbmN1ZW50ZXM~,20230303062951,es,24-horas.mx,http://24-horas.mx,2023-03-02 00:00:00,AMLO; con Norma Piña como titular de la SCJN se desató la protección a presuntos delincuentes,https://www.24-horas.mx/2023/03/02/amlo-con-norma-pina-como-titular-de-la-scjn-se-desato-la-proteccion-a-presuntos-delincuentes/
https://web.archive.org/web/20230303111211/https://www.24-horas.mx/2023/03/02/arrancan-sanciones-en-jalisco-por-no-realizar-la-verificacion-vehicular/,https://wayback-api.archive.org/colsearch/v1/mediacloud/article/bXgsMjQtaG9yYXMpLzIwMjMvMDMvMDIvYXJyYW5jYW4tc2FuY2lvbmVzLWVuLWphbGlzY28tcG9yLW5vLXJlYWxpemFyLWxhLXZlcmlmaWNhY2lvbi12ZWhpY3VsYXI~,20230303111211,es,24-horas.mx,http://24-horas.mx,2023-03-02 00:00:00,Arrancan sanciones en Jalisco por no realizar la verificación vehicular,https://www.24-horas.mx/2023/03/02/arrancan-sanciones-en-jalisco-por-no-realizar-la-verificacion-vehicular/
https://web.archive.org/web/20230303070207/https://www.24-horas.mx/2023/03/02/brindan-a-cdmx-542-1-mdp-para-reforzar-seguridad/,https://wayback-api.archive.org/colsearch/v1/mediacloud/article/bXgsMjQtaG9yYXMpLzIwMjMvMDMvMDIvYnJpbmRhbi1hLWNkbXgtNTQyLTEtbWRwLXBhcmEtcmVmb3J6YXItc2VndXJpZGFk,20230303070207,es,24-horas.mx,http://24-horas.mx,2023-03-02 00:00:00,Brindan a CDMX 542.1 mdp para reforzar seguridad,https://www.24-horas.mx/2023/03/02/brindan-a-cdmx-542-1-mdp-para-reforzar-seguridad/
https://web.archive.org/web/20230303064953/https://www.24-horas.mx/2023/03/02/ola-de-demandas/,https://wayback-api.archive.org/colsearch/v1/mediacloud/article/bXgsMjQtaG9yYXMpLzIwMjMvMDMvMDIvb2xhLWRlLWRlbWFuZGFz,20230303064953,es,24-horas.mx,http://24-horas.mx,2023-03-02 00:00:00,Ola de demandas,https://www.24-horas.mx/2023/03/02/ola-de-demandas/
https://web.archive.org/web/20230303071718/https://www.24-horas.mx/2023/03/02/sin-control-incendio-en-tetela-de-ocampo/,https://wayback-api.archive.org/colsearch/v1/mediacloud/article/bXgsMjQtaG9yYXMpLzIwMjMvMDMvMDIvc2luLWNvbnRyb2wtaW5jZW5kaW8tZW4tdGV0ZWxhLWRlLW9jYW1wbw~~,20230303071718,es,24-horas.mx,http://24-horas.mx,2023-03-02 00:00:00,"Sin control, incendio en Tetela de Ocampo",https://www.24-horas.mx/2023/03/02/sin-control-incendio-en-tetela-de-ocampo/
https://web.archive.org/web/20230304073215/https://www.24-horas.mx/2023/03/03/destinaran-800-millones-para-oceanos-en-2023/,https://wayback-api.archive.org/colsearch/v1/mediacloud/article/bXgsMjQtaG9yYXMpLzIwMjMvMDMvMDMvZGVzdGluYXJhbi04MDAtbWlsbG9uZXMtcGFyYS1vY2Vhbm9zLWVuLTIwMjM~,20230304073215,es,24-horas.mx,http://24-horas.mx,2023-03-03 00:00:00,Destinarán 800 millones para océanos en 2023,https://www.24-horas.mx/2023/03/03/destinaran-800-millones-para-oceanos-en-2023/
https://web.archive.org/web/20230306083359/https://www.24-horas.mx/2023/03/05/juez-determina-que-elefanta-ely-permanecera-en-zoologico-de-aragon/,https://wayback-api.archive.org/colsearch/v1/mediacloud/article/bXgsMjQtaG9yYXMpLzIwMjMvMDMvMDUvanVlei1kZXRlcm1pbmEtcXVlLWVsZWZhbnRhLWVseS1wZXJtYW5lY2VyYS1lbi16b29sb2dpY28tZGUtYXJhZ29u,20230306083359,es,24-horas.mx,http://24-horas.mx,2023-03-05 00:00:00,Juez determina que elefanta Ely permanecerá en Zoológico de Aragón,https://www.24-horas.mx/2023/03/05/juez-determina-que-elefanta-ely-permanecera-en-zoologico-de-aragon/
https://web.archive.org/web/20230307070131/https://www.24-horas.mx/2023/03/06/ahuehuete-esta-vivo-dicen-autoridades/,https://wayback-api.archive.org/colsearch/v1/mediacloud/article/bXgsMjQtaG9yYXMpLzIwMjMvMDMvMDYvYWh1ZWh1ZXRlLWVzdGEtdml2by1kaWNlbi1hdXRvcmlkYWRlcw~~,20230307070131,es,24-horas.mx,http://24-horas.mx,2023-03-06 00:00:00,"Ahuehuete está vivo, dicen autoridades",https://www.24-horas.mx/2023/03/06/ahuehuete-esta-vivo-dicen-autoridades/
https://web.archive.org/web/20230307062430/https://www.24-horas.mx/2023/03/06/amlo-apoya-a-samuel-garcia-ante-conflicto-con-el-congreso-de-nl/,https://wayback-api.archive.org/colsearch/v1/mediacloud/article/bXgsMjQtaG9yYXMpLzIwMjMvMDMvMDYvYW1sby1hcG95YS1hLXNhbXVlbC1nYXJjaWEtYW50ZS1jb25mbGljdG8tY29uLWVsLWNvbmdyZXNvLWRlLW5s,20230307062430,es,24-horas.mx,http://24-horas.mx,2023-03-06 00:00:00,AMLO; apoya a Samuel García ante conflicto con el congreso de NL,https://www.24-horas.mx/2023/03/06/amlo-apoya-a-samuel-garcia-ante-conflicto-con-el-congreso-de-nl/
https://web.archive.org/web/20230307082838/https://www.24-horas.mx/2023/03/06/aseguran-que-los-siete-tramos-del-tren-maya-cuentan-con-mia/,https://wayback-api.archive.org/colsearch/v1/mediacloud/article/bXgsMjQtaG9yYXMpLzIwMjMvMDMvMDYvYXNlZ3VyYW4tcXVlLWxvcy1zaWV0ZS10cmFtb3MtZGVsLXRyZW4tbWF5YS1jdWVudGFuLWNvbi1taWE~,20230307082838,es,24-horas.mx,http://24-horas.mx,2023-03-06 00:00:00,Aseguran que los siete tramos del Tren Maya cuentan con MIA,https://www.24-horas.mx/2023/03/06/aseguran-que-los-siete-tramos-del-tren-maya-cuentan-con-mia/
https://web.archive.org/web/20230307064504/https://www.24-horas.mx/2023/03/06/ely-permanecera-en-el-zoo-determina-juez/,https://wayback-api.archive.org/colsearch/v1/mediacloud/article/bXgsMjQtaG9yYXMpLzIwMjMvMDMvMDYvZWx5LXBlcm1hbmVjZXJhLWVuLWVsLXpvby1kZXRlcm1pbmEtanVleg~~,20230307064504,es,24-horas.mx,http://24-horas.mx,2023-03-06 00:00:00,"Ely permanecerá en el zoo, determina juez",https://www.24-horas.mx/2023/03/06/ely-permanecera-en-el-zoo-determina-juez/
https://web.archive.org/web/20230308095427/https://www.24-horas.mx/2023/03/07/advierte-amlo-que-en-caso-de-no-llegar-a-una-acuerdo-con-eu-mexico-pasaria-a-los-paneles-por-maiz-transgenico/,https://wayback-api.archive.org/colsearch/v1/mediacloud/article/bXgsMjQtaG9yYXMpLzIwMjMvMDMvMDcvYWR2aWVydGUtYW1sby1xdWUtZW4tY2Fzby1kZS1uby1sbGVnYXItYS11bmEtYWN1ZXJkby1jb24tZXUtbWV4aWNvLXBhc2FyaWEtYS1sb3MtcGFuZWxlcy1wb3ItbWFpei10cmFuc2dlbmljbw~~,20230308095427,es,24-horas.mx,http://24-horas.mx,2023-03-07 00:00:00,Advierte AMLO que en caso de no llegar a una acuerdo con EU México pasaría a los paneles por maíz transgénico,https://www.24-horas.mx/2023/03/07/advierte-amlo-que-en-caso-de-no-llegar-a-una-acuerdo-con-eu-mexico-pasaria-a-los-paneles-por-maiz-transgenico/
https://web.archive.org/web/20230308113805/https://www.24-horas.mx/2023/03/07/cuajimalpa-y-san-pedro-garza-garcia-firman-convenio-de-hermandad/,https://wayback-api.archive.org/colsearch/v1/mediacloud/article/bXgsMjQtaG9yYXMpLzIwMjMvMDMvMDcvY3VhamltYWxwYS15LXNhbi1wZWRyby1nYXJ6YS1nYXJjaWEtZmlybWFuLWNvbnZlbmlvLWRlLWhlcm1hbmRhZA~~,20230308113805,es,24-horas.mx,http://24-horas.mx,2023-03-07 00:00:00,"Cuajimalpa y San Pedro Garza García firman ""Convenio de hermandad""",https://www.24-horas.mx/2023/03/07/cuajimalpa-y-san-pedro-garza-garcia-firman-convenio-de-hermandad/
https://web.archive.org/web/20230308101335/https://www.24-horas.mx/2023/03/07/en-alvaro-obregon-trabajamos-unidos-por-la-preservacion-del-medio-ambiente-lia-limon/,https://wayback-api.archive.org/colsearch/v1/mediacloud/article/bXgsMjQtaG9yYXMpLzIwMjMvMDMvMDcvZW4tYWx2YXJvLW9icmVnb24tdHJhYmFqYW1vcy11bmlkb3MtcG9yLWxhLXByZXNlcnZhY2lvbi1kZWwtbWVkaW8tYW1iaWVudGUtbGlhLWxpbW9u,20230308101335,es,24-horas.mx,http://24-horas.mx,2023-03-07 00:00:00,En Álvaro Obregón trabajamos unidos por la preservación del medio ambiente: Lía Limón,https://www.24-horas.mx/2023/03/07/en-alvaro-obregon-trabajamos-unidos-por-la-preservacion-del-medio-ambiente-lia-limon/
https://web.archive.org/web/20230308074935/https://www.24-horas.mx/2023/03/07/se-aproxima-marea-de-sargazo-hacia-la-costas-de-quintana-roo/,https://wayback-api.archive.org/colsearch/v1/mediacloud/article/bXgsMjQtaG9yYXMpLzIwMjMvMDMvMDcvc2UtYXByb3hpbWEtbWFyZWEtZGUtc2FyZ2F6by1oYWNpYS1sYS1jb3N0YXMtZGUtcXVpbnRhbmEtcm9v,20230308074935,es,24-horas.mx,http://24-horas.mx,2023-03-07 00:00:00,Se aproxima marea de sargazo hacia la costas de Quintana Roo,https://www.24-horas.mx/2023/03/07/se-aproxima-marea-de-sargazo-hacia-la-costas-de-quintana-roo/
https://web.archive.org/web/20230309124611/https://www.24-horas.mx/2023/03/08/realizan-concurso-de-una-moneda-del-zoologico-de-chapultepec/,https://wayback-api.archive.org/colsearch/v1/mediacloud/article/bXgsMjQtaG9yYXMpLzIwMjMvMDMvMDgvcmVhbGl6YW4tY29uY3Vyc28tZGUtdW5hLW1vbmVkYS1kZWwtem9vbG9naWNvLWRlLWNoYXB1bHRlcGVj,20230309124611,es,24-horas.mx,http://24-horas.mx,2023-03-08 00:00:00,Realizan concurso de una moneda del Zoológico de Chapultepec,https://www.24-horas.mx/2023/03/08/realizan-concurso-de-una-moneda-del-zoologico-de-chapultepec/
https://web.archive.org/web/20230303063511/https://www.elfinanciero.com.mx/cdmx/2023/03/02/libra-la-multa-hoy-no-circula-jueves-en-cdmx-y-edomex/,https://wayback-api.archive.org/colsearch/v1/mediacloud/article/bXgsY29tLGVsZmluYW5jaWVybykvY2RteC8yMDIzLzAzLzAyL2xpYnJhLWxhLW11bHRhLWhveS1uby1jaXJjdWxhLWp1ZXZlcy1lbi1jZG14LXktZWRvbWV4,20230303063511,es,elfinanciero.com.mx,http://elfinanciero.com.mx,2023-03-02 00:00:00,¡Libra la multa! Hoy No Circula jueves en CDMX y Edomex,https://www.elfinanciero.com.mx/cdmx/2023/03/02/libra-la-multa-hoy-no-circula-jueves-en-cdmx-y-edomex/
https://web.archive.org/web/20230304063633/https://www.elfinanciero.com.mx/cdmx/2023/03/03/mucho-ojo-hoy-no-circula-viernes-en-cdmx-y-edomex/,https://wayback-api.archive.org/colsearch/v1/mediacloud/article/bXgsY29tLGVsZmluYW5jaWVybykvY2RteC8yMDIzLzAzLzAzL211Y2hvLW9qby1ob3ktbm8tY2lyY3VsYS12aWVybmVzLWVuLWNkbXgteS1lZG9tZXg~,20230304063633,es,elfinanciero.com.mx,http://elfinanciero.com.mx,2023-03-03 00:00:00,¡Mucho ojo! Hoy No Circula viernes en CDMX y Edomex,https://www.elfinanciero.com.mx/cdmx/2023/03/03/mucho-ojo-hoy-no-circula-viernes-en-cdmx-y-edomex/
https://web.archive.org/web/20230308065301/https://www.elfinanciero.com.mx/cdmx/2023/03/07/mucho-ojo-hoy-no-circula-martes-en-cdmx-y-edomex/,https://wayback-api.archive.org/colsearch/v1/mediacloud/article/bXgsY29tLGVsZmluYW5jaWVybykvY2RteC8yMDIzLzAzLzA3L211Y2hvLW9qby1ob3ktbm8tY2lyY3VsYS1tYXJ0ZXMtZW4tY2RteC15LWVkb21leA~~,20230308065301,es,elfinanciero.com.mx,http://elfinanciero.com.mx,2023-03-07 00:00:00,¡Mucho ojo! Hoy No Circula martes en CDMX y Edomex,https://www.elfinanciero.com.mx/cdmx/2023/03/07/mucho-ojo-hoy-no-circula-martes-en-cdmx-y-edomex/
https://web.archive.org/web/20230309093139/https://www.elfinanciero.com.mx/cdmx/2023/03/08/como-tramitar-la-constancia-provisional-para-circular-en-cdmx/,https://wayback-api.archive.org/colsearch/v1/mediacloud/article/bXgsY29tLGVsZmluYW5jaWVybykvY2RteC8yMDIzLzAzLzA4L2NvbW8tdHJhbWl0YXItbGEtY29uc3RhbmNpYS1wcm92aXNpb25hbC1wYXJhLWNpcmN1bGFyLWVuLWNkbXg~,20230309093139,es,elfinanciero.com.mx,http://elfinanciero.com.mx,2023-03-08 00:00:00,"Atención, conductores: Así pueden tramitar la constancia provisional para circular en CDMX",https://www.elfinanciero.com.mx/cdmx/2023/03/08/como-tramitar-la-constancia-provisional-para-circular-en-cdmx/
https://web.archive.org/web/20230303093101/https://www.elfinanciero.com.mx/ciencia/2023/03/02/que-son-los-minerales-raros-y-por-que-tesla-ya-no-los-usara/,https://wayback-api.archive.org/colsearch/v1/mediacloud/article/bXgsY29tLGVsZmluYW5jaWVybykvY2llbmNpYS8yMDIzLzAzLzAyL3F1ZS1zb24tbG9zLW1pbmVyYWxlcy1yYXJvcy15LXBvci1xdWUtdGVzbGEteWEtbm8tbG9zLXVzYXJh,20230303093101,es,elfinanciero.com.mx,http://elfinanciero.com.mx,2023-03-02 00:00:00,¿Qué son los minerales raros y por qué Tesla ya no los usará?,https://www.elfinanciero.com.mx/ciencia/2023/03/02/que-son-los-minerales-raros-y-por-que-tesla-ya-no-los-usara/
https://web.archive.org/web/20230302070010/https://www.elfinanciero.com.mx/economia/2023/03/01/ip-festeja-llegada-de-tesla-a-mexico-pide-voltear-tambien-al-sureste/,https://wayback-api.archive.org/colsearch/v1/mediacloud/article/bXgsY29tLGVsZmluYW5jaWVybykvZWNvbm9taWEvMjAyMy8wMy8wMS9pcC1mZXN0ZWphLWxsZWdhZGEtZGUtdGVzbGEtYS1tZXhpY28tcGlkZS12b2x0ZWFyLXRhbWJpZW4tYWwtc3VyZXN0ZQ~~,20230302070010,es,elfinanciero.com.mx,http://elfinanciero.com.mx,2023-03-01 00:00:00,IP festeja llegada de Tesla a México; pide ‘voltear’ también al sureste,https://www.elfinanciero.com.mx/economia/2023/03/01/ip-festeja-llegada-de-tesla-a-mexico-pide-voltear-tambien-al-sureste/
https://web.archive.org/web/20230304094555/https://www.elfinanciero.com.mx/el-preguntario/2023/03/03/que-aspectos-se-deben-tomar-en-cuenta-para-elegir-entre-un-ventilador-o-aire-acondicionado/,https://wayback-api.archive.org/colsearch/v1/mediacloud/article/bXgsY29tLGVsZmluYW5jaWVybykvZWwtcHJlZ3VudGFyaW8vMjAyMy8wMy8wMy9xdWUtYXNwZWN0b3Mtc2UtZGViZW4tdG9tYXItZW4tY3VlbnRhLXBhcmEtZWxlZ2lyLWVudHJlLXVuLXZlbnRpbGFkb3Itby1haXJlLWFjb25kaWNpb25hZG8~,20230304094555,es,elfinanciero.com.mx,http://elfinanciero.com.mx,2023-03-03 00:00:00,¿Qué aspectos se deben tomar en cuenta para elegir entre un ventilador o aire acondicionado?,https://www.elfinanciero.com.mx/el-preguntario/2023/03/03/que-aspectos-se-deben-tomar-en-cuenta-para-elegir-entre-un-ventilador-o-aire-acondicionado/
https://web.archive.org/web/20230305083023/https://www.elfinanciero.com.mx/el-preguntario/2023/03/04/calorones-en-mexico-2023-el-aire-acondicionado-gasta-mas-gasolina-en-el-auto/,https://wayback-api.archive.org/colsearch/v1/mediacloud/article/bXgsY29tLGVsZmluYW5jaWVybykvZWwtcHJlZ3VudGFyaW8vMjAyMy8wMy8wNC9jYWxvcm9uZXMtZW4tbWV4aWNvLTIwMjMtZWwtYWlyZS1hY29uZGljaW9uYWRvLWdhc3RhLW1hcy1nYXNvbGluYS1lbi1lbC1hdXRv,20230305083023,es,elfinanciero.com.mx,http://elfinanciero.com.mx,2023-03-04 00:00:00,‘Calorones’ en México 2023: ¿el aire acondicionado gasta más gasolina en el auto?,https://www.elfinanciero.com.mx/el-preguntario/2023/03/04/calorones-en-mexico-2023-el-aire-acondicionado-gasta-mas-gasolina-en-el-auto/
https://web.archive.org/web/20230307065728/https://www.elfinanciero.com.mx/empresas-ESG/2023/03/06/hasta-40-de-lo-que-pagas-es-por-el-empaque/,https://wayback-api.archive.org/colsearch/v1/mediacloud/article/bXgsY29tLGVsZmluYW5jaWVybykvZW1wcmVzYXMtZXNnLzIwMjMvMDMvMDYvaGFzdGEtNDAtZGUtbG8tcXVlLXBhZ2FzLWVzLXBvci1lbC1lbXBhcXVl,20230307065728,es,elfinanciero.com.mx,http://elfinanciero.com.mx,2023-03-06 00:00:00,Hasta 40% de lo que pagas es por el empaque,https://www.elfinanciero.com.mx/empresas-ESG/2023/03/06/hasta-40-de-lo-que-pagas-es-por-el-empaque/
https://web.archive.org/web/20230307104458/https://www.elfinanciero.com.mx/food-and-drink/2023/03/06/por-que-el-refresco-de-cola-dana-los-rinones-y-destapa-tuberias/,https://wayback-api.archive.org/colsearch/v1/mediacloud/article/bXgsY29tLGVsZmluYW5jaWVybykvZm9vZC1hbmQtZHJpbmsvMjAyMy8wMy8wNi9wb3ItcXVlLWVsLXJlZnJlc2NvLWRlLWNvbGEtZGFuYS1sb3Mtcmlub25lcy15LWRlc3RhcGEtdHViZXJpYXM~,20230307104458,es,elfinanciero.com.mx,http://elfinanciero.com.mx,2023-03-06 00:00:00,"Ácido fosfórico, la sustancia de los refrescos de cola que daña riñones y destapa caños",https://www.elfinanciero.com.mx/food-and-drink/2023/03/06/por-que-el-refresco-de-cola-dana-los-rinones-y-destapa-tuberias/
https://web.archive.org/web/20230302074201/https://www.elfinanciero.com.mx/monterrey/2023/03/01/alfonso-cornejo-el-lider-para-el-contexto-actual/,https://wayback-api.archive.org/colsearch/v1/mediacloud/article/bXgsY29tLGVsZmluYW5jaWVybykvbW9udGVycmV5LzIwMjMvMDMvMDEvYWxmb25zby1jb3JuZWpvLWVsLWxpZGVyLXBhcmEtZWwtY29udGV4dG8tYWN0dWFs,20230302074201,es,elfinanciero.com.mx,http://elfinanciero.com.mx,2023-03-01 00:00:00,Alfonso Cornejo: El Líder para el contexto actual,https://www.elfinanciero.com.mx/monterrey/2023/03/01/alfonso-cornejo-el-lider-para-el-contexto-actual/
https://web.archive.org/web/20230304074808/https://www.elfinanciero.com.mx/monterrey/2023/03/03/martha-arevalonuevos-modelos-de-negocio-en-la-industria-del-fast-fashion/,https://wayback-api.archive.org/colsearch/v1/mediacloud/article/bXgsY29tLGVsZmluYW5jaWVybykvbW9udGVycmV5LzIwMjMvMDMvMDMvbWFydGhhLWFyZXZhbG9udWV2b3MtbW9kZWxvcy1kZS1uZWdvY2lvLWVuLWxhLWluZHVzdHJpYS1kZWwtZmFzdC1mYXNoaW9u,20230304074808,es,elfinanciero.com.mx,http://elfinanciero.com.mx,2023-03-03 00:00:00,Martha Arévalo:Nuevos modelos de negocio en la industria del fast fashion,https://www.elfinanciero.com.mx/monterrey/2023/03/03/martha-arevalonuevos-modelos-de-negocio-en-la-industria-del-fast-fashion/
https://web.archive.org/web/20230304075827/https://www.elfinanciero.com.mx/monterrey/2023/03/03/mayor-area-protegida-de-sierra-de-picachos-impulsara-turismo-sostenible/,https://wayback-api.archive.org/colsearch/v1/mediacloud/article/bXgsY29tLGVsZmluYW5jaWVybykvbW9udGVycmV5LzIwMjMvMDMvMDMvbWF5b3ItYXJlYS1wcm90ZWdpZGEtZGUtc2llcnJhLWRlLXBpY2FjaG9zLWltcHVsc2FyYS10dXJpc21vLXNvc3RlbmlibGU~,20230304075827,es,elfinanciero.com.mx,http://elfinanciero.com.mx,2023-03-03 00:00:00,Mayor área protegida de Sierra de Picachos impulsará turismo sostenible,https://www.elfinanciero.com.mx/monterrey/2023/03/03/mayor-area-protegida-de-sierra-de-picachos-impulsara-turismo-sostenible/
https://web.archive.org/web/20230307084339/https://www.elfinanciero.com.mx/monterrey/2023/03/06/jorge-manjarrez-tesla-el-viejo-y-el-nuevo-nuevo-leon/,https://wayback-api.archive.org/colsearch/v1/mediacloud/article/bXgsY29tLGVsZmluYW5jaWVybykvbW9udGVycmV5LzIwMjMvMDMvMDYvam9yZ2UtbWFuamFycmV6LXRlc2xhLWVsLXZpZWpvLXktZWwtbnVldm8tbnVldm8tbGVvbg~~,20230307084339,es,elfinanciero.com.mx,http://elfinanciero.com.mx,2023-03-06 00:00:00,"Jorge Manjarrez: Tesla, el viejo y el nuevo Nuevo León",https://www.elfinanciero.com.mx/monterrey/2023/03/06/jorge-manjarrez-tesla-el-viejo-y-el-nuevo-nuevo-leon/
https://web.archive.org/web/20230307074923/https://www.elfinanciero.com.mx/monterrey/2023/03/06/reiteran-industriales-compromiso-en-atender-crisis-hidrica-en-nl/,https://wayback-api.archive.org/colsearch/v1/mediacloud/article/bXgsY29tLGVsZmluYW5jaWVybykvbW9udGVycmV5LzIwMjMvMDMvMDYvcmVpdGVyYW4taW5kdXN0cmlhbGVzLWNvbXByb21pc28tZW4tYXRlbmRlci1jcmlzaXMtaGlkcmljYS1lbi1ubA~~,20230307074923,es,elfinanciero.com.mx,http://elfinanciero.com.mx,2023-03-06 00:00:00,Reiteran industriales compromiso en atender crisis hídrica en NL,https://www.elfinanciero.com.mx/monterrey/2023/03/06/reiteran-industriales-compromiso-en-atender-crisis-hidrica-en-nl/
https://web.archive.org/web/20230304100602/https://www.elfinanciero.com.mx/mundo-empresa/2023/03/03/entretenimiento-la-apuesta-de-los-centros-comerciales-en-mexico-gustavo-tome-velazquez/,https://wayback-api.archive.org/colsearch/v1/mediacloud/article/bXgsY29tLGVsZmluYW5jaWVybykvbXVuZG8tZW1wcmVzYS8yMDIzLzAzLzAzL2VudHJldGVuaW1pZW50by1sYS1hcHVlc3RhLWRlLWxvcy1jZW50cm9zLWNvbWVyY2lhbGVzLWVuLW1leGljby1ndXN0YXZvLXRvbWUtdmVsYXpxdWV6,20230304100602,es,elfinanciero.com.mx,http://elfinanciero.com.mx,2023-03-03 00:00:00,"‘Entretenimiento, la apuesta de los centros comerciales en México’: Gustavo Tomé Velázquez",https://www.elfinanciero.com.mx/mundo-empresa/2023/03/03/entretenimiento-la-apuesta-de-los-centros-comerciales-en-mexico-gustavo-tome-velazquez/
https://web.archive.org/web/20230309073812/https://www.elfinanciero.com.mx/mundo/2023/03/08/quien-es-dan-crenshaw-el-congresista-de-eu-que-pide-uso-de-militares-contra-carteles-de-droga/,https://wayback-api.archive.org/colsearch/v1/mediacloud/article/bXgsY29tLGVsZmluYW5jaWVybykvbXVuZG8vMjAyMy8wMy8wOC9xdWllbi1lcy1kYW4tY3JlbnNoYXctZWwtY29uZ3Jlc2lzdGEtZGUtZXUtcXVlLXBpZGUtdXNvLWRlLW1pbGl0YXJlcy1jb250cmEtY2FydGVsZXMtZGUtZHJvZ2E~,20230309073812,es,elfinanciero.com.mx,http://elfinanciero.com.mx,2023-03-08 00:00:00,"¿Quién es Dan Crenshaw, el congresista de EU que pide uso de militares contra cárteles de droga?",https://www.elfinanciero.com.mx/mundo/2023/03/08/quien-es-dan-crenshaw-el-congresista-de-eu-que-pide-uso-de-militares-contra-carteles-de-droga/
https://web.archive.org/web/20230302095241/https://www.elfinanciero.com.mx/nacional/2023/03/01/tren-maya-llega-balasto-de-cuba-para-construccion-pero-sin-permisos-ambientales/,https://wayback-api.archive.org/colsearch/v1/mediacloud/article/bXgsY29tLGVsZmluYW5jaWVybykvbmFjaW9uYWwvMjAyMy8wMy8wMS90cmVuLW1heWEtbGxlZ2EtYmFsYXN0by1kZS1jdWJhLXBhcmEtY29uc3RydWNjaW9uLXBlcm8tc2luLXBlcm1pc29zLWFtYmllbnRhbGVz,20230302095241,es,elfinanciero.com.mx,http://elfinanciero.com.mx,2023-03-01 00:00:00,Tren Maya: Llega balasto de Cuba para construcción... pero sin permisos ambientales,https://www.elfinanciero.com.mx/nacional/2023/03/01/tren-maya-llega-balasto-de-cuba-para-construccion-pero-sin-permisos-ambientales/
https://web.archive.org/web/20230303070514/https://www.elfinanciero.com.mx/nacional/2023/03/02/llega-piedra-cubana-para-construccion-del-tren-maya/,https://wayback-api.archive.org/colsearch/v1/mediacloud/article/bXgsY29tLGVsZmluYW5jaWVybykvbmFjaW9uYWwvMjAyMy8wMy8wMi9sbGVnYS1waWVkcmEtY3ViYW5hLXBhcmEtY29uc3RydWNjaW9uLWRlbC10cmVuLW1heWE~,20230303070514,es,elfinanciero.com.mx,http://elfinanciero.com.mx,2023-03-02 00:00:00,Desde Cuba para México: Exportan piedra cubana para construcción de Tren Maya,https://www.elfinanciero.com.mx/nacional/2023/03/02/llega-piedra-cubana-para-construccion-del-tren-maya/
https://web.archive.org/web/20230307075343/https://www.elfinanciero.com.mx/nacional/2023/03/06/amlo-mananera-temas-hoy-6-marzo-2023-en-vivo/,https://wayback-api.archive.org/colsearch/v1/mediacloud/article/bXgsY29tLGVsZmluYW5jaWVybykvbmFjaW9uYWwvMjAyMy8wMy8wNi9hbWxvLW1hbmFuZXJhLXRlbWFzLWhveS02LW1hcnpvLTIwMjMtZW4tdml2bw~~,20230307075343,es,elfinanciero.com.mx,http://elfinanciero.com.mx,2023-03-06 00:00:00,AMLO se lanza contra senadores de EU que piden intervención militar para combatir cárteles,https://www.elfinanciero.com.mx/nacional/2023/03/06/amlo-mananera-temas-hoy-6-marzo-2023-en-vivo/
https://web.archive.org/web/20230303070505/https://www.elfinanciero.com.mx/opinion/colaborador-invitado/2023/03/02/cce-retos-y-oportunidades-en-2023-2024/,https://wayback-api.archive.org/colsearch/v1/mediacloud/article/bXgsY29tLGVsZmluYW5jaWVybykvb3Bpbmlvbi9jb2xhYm9yYWRvci1pbnZpdGFkby8yMDIzLzAzLzAyL2NjZS1yZXRvcy15LW9wb3J0dW5pZGFkZXMtZW4tMjAyMy0yMDI0,20230303070505,es,elfinanciero.com.mx,http://elfinanciero.com.mx,2023-03-02 00:00:00,CCE: retos y oportunidades en 2023-2024,https://www.elfinanciero.com.mx/opinion/colaborador-invitado/2023/03/02/cce-retos-y-oportunidades-en-2023-2024/
https://web.archive.org/web/20230308072728/https://www.elfinanciero.com.mx/opinion/dario-celis/2023/03/07/el-huachicoleo-de-gasolina-imparable/,https://wayback-api.archive.org/colsearch/v1/mediacloud/article/bXgsY29tLGVsZmluYW5jaWVybykvb3Bpbmlvbi9kYXJpby1jZWxpcy8yMDIzLzAzLzA3L2VsLWh1YWNoaWNvbGVvLWRlLWdhc29saW5hLWltcGFyYWJsZQ~~,20230308072728,es,elfinanciero.com.mx,http://elfinanciero.com.mx,2023-03-07 00:00:00,El huachicoleo de gasolina imparable,https://www.elfinanciero.com.mx/opinion/dario-celis/2023/03/07/el-huachicoleo-de-gasolina-imparable/
https://web.archive.org/web/20230303064250/https://www.elfinanciero.com.mx/opinion/enrique-cardenas/2023/03/02/contradicciones-tesla-y-la-concentracion-del-domingo/,https://wayback-api.archive.org/colsearch/v1/mediacloud/article/bXgsY29tLGVsZmluYW5jaWVybykvb3Bpbmlvbi9lbnJpcXVlLWNhcmRlbmFzLzIwMjMvMDMvMDIvY29udHJhZGljY2lvbmVzLXRlc2xhLXktbGEtY29uY2VudHJhY2lvbi1kZWwtZG9taW5nbw~~,20230303064250,es,elfinanciero.com.mx,http://elfinanciero.com.mx,2023-03-02 00:00:00,Contradicciones: Tesla y la concentración del domingo,https://www.elfinanciero.com.mx/opinion/enrique-cardenas/2023/03/02/contradicciones-tesla-y-la-concentracion-del-domingo/
https://web.archive.org/web/20230304064637/https://www.elfinanciero.com.mx/opinion/guido-lara/2023/03/03/una-norteamerica-posible-3-y-ultima-parte/,https://wayback-api.archive.org/colsearch/v1/mediacloud/article/bXgsY29tLGVsZmluYW5jaWVybykvb3Bpbmlvbi9ndWlkby1sYXJhLzIwMjMvMDMvMDMvdW5hLW5vcnRlYW1lcmljYS1wb3NpYmxlLTMteS11bHRpbWEtcGFydGU~,20230304064637,es,elfinanciero.com.mx,http://elfinanciero.com.mx,2023-03-03 00:00:00,Una Norteamérica posible (3ª y última parte),https://www.elfinanciero.com.mx/opinion/guido-lara/2023/03/03/una-norteamerica-posible-3-y-ultima-parte/
https://web.archive.org/web/20230304080804/https://www.elfinanciero.com.mx/salud/2023/03/03/comida-chatarra-marcas-famosas-luchan-por-dejar-la-adiccion-a-la-basura/,https://wayback-api.archive.org/colsearch/v1/mediacloud/article/bXgsY29tLGVsZmluYW5jaWVybykvc2FsdWQvMjAyMy8wMy8wMy9jb21pZGEtY2hhdGFycmEtbWFyY2FzLWZhbW9zYXMtbHVjaGFuLXBvci1kZWphci1sYS1hZGljY2lvbi1hLWxhLWJhc3VyYQ~~,20230304080804,es,elfinanciero.com.mx,http://elfinanciero.com.mx,2023-03-03 00:00:00,Comida chatarra: marcas famosas luchan por dejar la adicción a la basura,https://www.elfinanciero.com.mx/salud/2023/03/03/comida-chatarra-marcas-famosas-luchan-por-dejar-la-adiccion-a-la-basura/
https://web.archive.org/web/20230302062407/https://www.elfinanciero.com.mx/transporte-y-movilidad/2023/03/01/scania-mexico-recibe-el-distintivo-esr/,https://wayback-api.archive.org/colsearch/v1/mediacloud/article/bXgsY29tLGVsZmluYW5jaWVybykvdHJhbnNwb3J0ZS15LW1vdmlsaWRhZC8yMDIzLzAzLzAxL3NjYW5pYS1tZXhpY28tcmVjaWJlLWVsLWRpc3RpbnRpdm8tZXNy,20230302062407,es,elfinanciero.com.mx,http://elfinanciero.com.mx,2023-03-01 00:00:00,Scania México recibe el Distintivo ESR,https://www.elfinanciero.com.mx/transporte-y-movilidad/2023/03/01/scania-mexico-recibe-el-distintivo-esr/
https://web.archive.org/web/20230303100209/https://www.elfinanciero.com.mx/transporte-y-movilidad/2023/03/02/trabaja-anpact-para-resolver-retos-de-vehiculos-cero-emisiones-en-la-frontera-con-estados-unidos/,https://wayback-api.archive.org/colsearch/v1/mediacloud/article/bXgsY29tLGVsZmluYW5jaWVybykvdHJhbnNwb3J0ZS15LW1vdmlsaWRhZC8yMDIzLzAzLzAyL3RyYWJhamEtYW5wYWN0LXBhcmEtcmVzb2x2ZXItcmV0b3MtZGUtdmVoaWN1bG9zLWNlcm8tZW1pc2lvbmVzLWVuLWxhLWZyb250ZXJhLWNvbi1lc3RhZG9zLXVuaWRvcw~~,20230303100209,es,elfinanciero.com.mx,http://elfinanciero.com.mx,2023-03-02 00:00:00,Trabaja ANPACT para resolver retos de vehículos cero emisiones en la frontera con Estados Unidos,https://www.elfinanciero.com.mx/transporte-y-movilidad/2023/03/02/trabaja-anpact-para-resolver-retos-de-vehiculos-cero-emisiones-en-la-frontera-con-estados-unidos/
https://web.archive.org/web/20230308103637/https://www.razon.com.mx/ciudad/alvaro-obregon-unidos-preservacion-medio-ambiente-afirma-lia-limon-520212,https://wayback-api.archive.org/colsearch/v1/mediacloud/article/bXgsY29tLHJhem9uKS9jaXVkYWQvYWx2YXJvLW9icmVnb24tdW5pZG9zLXByZXNlcnZhY2lvbi1tZWRpby1hbWJpZW50ZS1hZmlybWEtbGlhLWxpbW9uLTUyMDIxMg~~,20230308103637,es,razon.com.mx,http://razon.com.mx,2023-03-07 00:00:00,"En Álvaro Obregón trabajamos unidos por la preservación del medio ambiente, afirma Lía Limón",https://www.razon.com.mx/ciudad/alvaro-obregon-unidos-preservacion-medio-ambiente-afirma-lia-limon-520212
https://web.archive.org/web/20230302070658/https://www.razon.com.mx/ciudad/arranca-marzo-pronostico-28-grados-calor-cdmx-519464,https://wayback-api.archive.org/colsearch/v1/mediacloud/article/bXgsY29tLHJhem9uKS9jaXVkYWQvYXJyYW5jYS1tYXJ6by1wcm9ub3N0aWNvLTI4LWdyYWRvcy1jYWxvci1jZG14LTUxOTQ2NA~~,20230302070658,es,razon.com.mx,http://razon.com.mx,2023-03-01 00:00:00,Arranca marzo con pronóstico de hasta 28 grados de calor para CDMX,https://www.razon.com.mx/ciudad/arranca-marzo-pronostico-28-grados-calor-cdmx-519464
https://web.archive.org/web/20230306071155/https://www.razon.com.mx/ciudad/continua-alerta-amarilla-calor-29-grados-preven-domingo-cdmx-519919,https://wayback-api.archive.org/colsearch/v1/mediacloud/article/bXgsY29tLHJhem9uKS9jaXVkYWQvY29udGludWEtYWxlcnRhLWFtYXJpbGxhLWNhbG9yLTI5LWdyYWRvcy1wcmV2ZW4tZG9taW5nby1jZG14LTUxOTkxOQ~~,20230306071155,es,razon.com.mx,http://razon.com.mx,2023-03-05 00:00:00,Continúa la alerta amarilla por calor; hasta 29 grados se prevén este domingo en CDMX,https://www.razon.com.mx/ciudad/continua-alerta-amarilla-calor-29-grados-preven-domingo-cdmx-519919
https://web.archive.org/web/20230306071455/https://www.razon.com.mx/ciudad/hoy-circula-cdmx-aplica-vehiculos-6-10-marzo-519921,https://wayback-api.archive.org/colsearch/v1/mediacloud/article/bXgsY29tLHJhem9uKS9jaXVkYWQvaG95LWNpcmN1bGEtY2RteC1hcGxpY2EtdmVoaWN1bG9zLTYtMTAtbWFyem8tNTE5OTIx,20230306071455,es,razon.com.mx,http://razon.com.mx,2023-03-05 00:00:00,Hoy No Circula en CDMX aplica para estos vehículos del 6 al 10 de marzo,https://www.razon.com.mx/ciudad/hoy-circula-cdmx-aplica-vehiculos-6-10-marzo-519921
https://web.archive.org/web/20230309081629/https://www.razon.com.mx/ciudad/sales-8-marzo-preven-alta-radiacion-uv-29-grados-calor-cdmx-520330,https://wayback-api.archive.org/colsearch/v1/mediacloud/article/bXgsY29tLHJhem9uKS9jaXVkYWQvc2FsZXMtOC1tYXJ6by1wcmV2ZW4tYWx0YS1yYWRpYWNpb24tdXYtMjktZ3JhZG9zLWNhbG9yLWNkbXgtNTIwMzMw,20230309081629,es,razon.com.mx,http://razon.com.mx,2023-03-08 00:00:00,¿Sales este 8 de Marzo? Prevén alta radiación UV y 29 grados de calor en CDMX,https://www.razon.com.mx/ciudad/sales-8-marzo-preven-alta-radiacion-uv-29-grados-calor-cdmx-520330
https://web.archive.org/web/20230305065809/https://www.razon.com.mx/ciudad/siguen-altos-indices-radiacion-uv-cdmx-amanece-mala-calidad-aire-519846,https://wayback-api.archive.org/colsearch/v1/mediacloud/article/bXgsY29tLHJhem9uKS9jaXVkYWQvc2lndWVuLWFsdG9zLWluZGljZXMtcmFkaWFjaW9uLXV2LWNkbXgtYW1hbmVjZS1tYWxhLWNhbGlkYWQtYWlyZS01MTk4NDY~,20230305065809,es,razon.com.mx,http://razon.com.mx,2023-03-04 00:00:00,Siguen los altos índices de radiación UV en CDMX; amanece con mala calidad del aire,https://www.razon.com.mx/ciudad/siguen-altos-indices-radiacion-uv-cdmx-amanece-mala-calidad-aire-519846
https://web.archive.org/web/20230306072121/https://www.razon.com.mx/estados/hoy-circula-edomex-realiza-autos-6-11-marzo-519922,https://wayback-api.archive.org/colsearch/v1/mediacloud/article/bXgsY29tLHJhem9uKS9lc3RhZG9zL2hveS1jaXJjdWxhLWVkb21leC1yZWFsaXphLWF1dG9zLTYtMTEtbWFyem8tNTE5OTIy,20230306072121,es,razon.com.mx,http://razon.com.mx,2023-03-05 00:00:00,Hoy No Circula en Edomex se realiza en estos autos del 6 al 11 de marzo,https://www.razon.com.mx/estados/hoy-circula-edomex-realiza-autos-6-11-marzo-519922
https://web.archive.org/web/20230302082943/https://www.razon.com.mx/mexico/sheinbaum-necesaria-mayor-participacion-mujeres-construccion-democracia-pais-519494,https://wayback-api.archive.org/colsearch/v1/mediacloud/article/bXgsY29tLHJhem9uKS9tZXhpY28vc2hlaW5iYXVtLW5lY2VzYXJpYS1tYXlvci1wYXJ0aWNpcGFjaW9uLW11amVyZXMtY29uc3RydWNjaW9uLWRlbW9jcmFjaWEtcGFpcy01MTk0OTQ~,20230302082943,es,razon.com.mx,http://razon.com.mx,2023-03-01 00:00:00,Sheinbaum: Es necesaria una mayor participación de las mujeres en la construcción de la democracia en el país,https://www.razon.com.mx/mexico/sheinbaum-necesaria-mayor-participacion-mujeres-construccion-democracia-pais-519494
https://web.archive.org/web/20230306071506/https://www.razon.com.mx/mundo/onu-alcanza-acuerdo-historico-proteger-30-oceanos-2030-519926,https://wayback-api.archive.org/colsearch/v1/mediacloud/article/bXgsY29tLHJhem9uKS9tdW5kby9vbnUtYWxjYW56YS1hY3VlcmRvLWhpc3Rvcmljby1wcm90ZWdlci0zMC1vY2Vhbm9zLTIwMzAtNTE5OTI2,20230306071506,es,razon.com.mx,http://razon.com.mx,2023-03-05 00:00:00,ONU alcanza acuerdo histórico para proteger el 30% de los océanos para 2030,https://www.razon.com.mx/mundo/onu-alcanza-acuerdo-historico-proteger-30-oceanos-2030-519926
https://web.archive.org/web/20230302062723/https://www.razon.com.mx/opinion/columnas/bibiana-belsasso/tesla-mexico-519436,https://wayback-api.archive.org/colsearch/v1/mediacloud/article/bXgsY29tLHJhem9uKS9vcGluaW9uL2NvbHVtbmFzL2JpYmlhbmEtYmVsc2Fzc28vdGVzbGEtbWV4aWNvLTUxOTQzNg~~,20230302062723,es,razon.com.mx,http://razon.com.mx,2023-03-01 00:00:00,Tesla en México,https://www.razon.com.mx/opinion/columnas/bibiana-belsasso/tesla-mexico-519436
https://web.archive.org/web/20230303093244/https://unomasuno.com.mx/contribuye-uaemex-a-salvaguardar-el-patrimonio-culinario-del-edomex/,https://wayback-api.archive.org/colsearch/v1/mediacloud/article/bXgsY29tLHVub21hc3VubykvY29udHJpYnV5ZS11YWVtZXgtYS1zYWx2YWd1YXJkYXItZWwtcGF0cmltb25pby1jdWxpbmFyaW8tZGVsLWVkb21leA~~,20230303093244,es,unomasuno.com.mx,http://unomasuno.com.mx,2023-03-02 00:00:00,Contribuye UAEMéx a salvaguardar el patrimonio culinario del Edoméx,https://unomasuno.com.mx/contribuye-uaemex-a-salvaguardar-el-patrimonio-culinario-del-edomex/
https://web.archive.org/web/20230305073743/https://unomasuno.com.mx/gobierno-de-tlalnepantla-y-opdm-ponen-en-marcha-campana-permanente-de-desazolve-2023/,https://wayback-api.archive.org/colsearch/v1/mediacloud/article/bXgsY29tLHVub21hc3VubykvZ29iaWVybm8tZGUtdGxhbG5lcGFudGxhLXktb3BkbS1wb25lbi1lbi1tYXJjaGEtY2FtcGFuYS1wZXJtYW5lbnRlLWRlLWRlc2F6b2x2ZS0yMDIz,20230305073743,es,unomasuno.com.mx,http://unomasuno.com.mx,2023-03-04 00:00:00,Gobierno de Tlalnepantla y OPDM ponen en marcha campaña permanente de desazolve 2023,https://unomasuno.com.mx/gobierno-de-tlalnepantla-y-opdm-ponen-en-marcha-campana-permanente-de-desazolve-2023/
https://web.archive.org/web/20230305054857/https://unomasuno.com.mx/uaemex-consolida-su-prestigio-a-nivel-nacional-e-internacional-por-sus-aportaciones-cientificas-sociales-y-culturales/,https://wayback-api.archive.org/colsearch/v1/mediacloud/article/bXgsY29tLHVub21hc3VubykvdWFlbWV4LWNvbnNvbGlkYS1zdS1wcmVzdGlnaW8tYS1uaXZlbC1uYWNpb25hbC1lLWludGVybmFjaW9uYWwtcG9yLXN1cy1hcG9ydGFjaW9uZXMtY2llbnRpZmljYXMtc29jaWFsZXMteS1jdWx0dXJhbGVz,20230305054857,es,unomasuno.com.mx,http://unomasuno.com.mx,2023-03-03 00:00:00,"UAEMéx consolida su prestigio a nivel nacional e internacional por sus aportaciones científicas, sociales y culturales",https://unomasuno.com.mx/uaemex-consolida-su-prestigio-a-nivel-nacional-e-internacional-por-sus-aportaciones-cientificas-sociales-y-culturales/
https://web.archive.org/web/20230309082433/https://impacto.mx/nacional/confio-en-que-la-militancia-morenista-respalde-mi-candidatura-presidencial-ricardo-monreal-08032023/,https://wayback-api.archive.org/colsearch/v1/mediacloud/article/bXgsaW1wYWN0bykvbmFjaW9uYWwvY29uZmlvLWVuLXF1ZS1sYS1taWxpdGFuY2lhLW1vcmVuaXN0YS1yZXNwYWxkZS1taS1jYW5kaWRhdHVyYS1wcmVzaWRlbmNpYWwtcmljYXJkby1tb25yZWFsLTA4MDMyMDIz,20230309082433,es,impacto.mx,http://impacto.mx,2023-03-08 00:00:00,Confío en que la militancia morenista respalde mi candidatura presidencial: Ricardo Monreal,https://impacto.mx/nacional/confio-en-que-la-militancia-morenista-respalde-mi-candidatura-presidencial-ricardo-monreal-08032023/
